location,avg_temperature,avg_humidity
BuildingB_Floor1,24.95861224489796,54.877265306122474
BuildingA_Floor2,24.70004098360657,55.11356557377049
BuildingA_Floor1,24.69992565055763,54.28624535315984
BuildingB_Floor2,24.572438016528924,54.51557851239669
