sensor_id,avg_temp,rank_temp
1093,29.573333333333334,1
1058,29.265714285714285,2
1068,28.665999999999997,3
1026,28.513333333333335,4
1012,28.292857142857144,5
